Algorithm Name,Maximum Scheduling Time (s),Scheduling Request Count,Usable Solution Count,Total App Count,Total Accepted App Count,Total App Priority,Total Accepted App Priority,Solution Usable Rate,App Acceptance Rate,App Priority Weighted Acceptance Rate,Priority-1 App Acceptance Rate,Priority-2 App Acceptance Rate,Priority-3 App Acceptance Rate,Priority-4 App Acceptance Rate,Priority-5 App Acceptance Rate,Priority-6 App Acceptance Rate,Priority-7 App Acceptance Rate,Priority-8 App Acceptance Rate,Priority-9 App Acceptance Rate,Priority-10 App Acceptance Rate
CompRand,29.905299616,3,0,300,0,1692,0,0,0,0,0,0,0,0,0,0,0,0,0,0
BERand,25.556192848,3,3,300,50,1692,462,1,0.16666666666666666,0.2730496453900709,0,0,0,0,0,0,0.030303030303030304,0.3103448275862069,0.5,0.7419354838709677
Amaga,171.169261335,3,3,300,241,1692,1509,1,0.8033333333333333,0.8918439716312057,0.5185185185185185,0.43333333333333335,0.6451612903225806,0.7727272727272727,0.9090909090909091,0.8,0.9393939393939394,1,0.9411764705882353,1
Ampga,196.906543812,3,3,300,233,1692,1511,1,0.7766666666666666,0.8930260047281324,0.37037037037037035,0.36666666666666664,0.5483870967741935,0.6818181818181818,0.8181818181818182,0.9333333333333333,0.9393939393939394,1,1,1
Mcssga,340.491376627,3,3,300,229,1692,1494,1,0.7633333333333333,0.8829787234042553,0.2962962962962963,0.36666666666666664,0.5161290322580645,0.6818181818181818,0.8484848484848485,0.9,0.9696969696969697,1,0.9411764705882353,1
