Algorithm Name,Maximum Scheduling Time (s),Scheduling Request Count,Usable Solution Count,Total App Count,Total Accepted App Count,Total App Priority,Total Accepted App Priority,Solution Usable Rate,App Acceptance Rate,App Priority Weighted Acceptance Rate,Priority-1 App Acceptance Rate,Priority-2 App Acceptance Rate,Priority-3 App Acceptance Rate,Priority-4 App Acceptance Rate,Priority-5 App Acceptance Rate,Priority-6 App Acceptance Rate,Priority-7 App Acceptance Rate,Priority-8 App Acceptance Rate,Priority-9 App Acceptance Rate,Priority-10 App Acceptance Rate
CompRand,24.626125794,2,0,200,0,1099,0,0,0,0,0,0,0,0,0,0,0,0,0,0
BERand,21.197156771,2,2,200,34,1099,302,1,0.17,0.2747952684258417,0,0,0,0.043478260869565216,0,0.1111111111111111,0.15,0.2,0.35,0.7391304347826086
Amaga,136.20105081,2,2,200,126,1099,835,1,0.63,0.7597816196542311,0.14285714285714285,0.5238095238095238,0.4090909090909091,0.4782608695652174,0.5,0.6666666666666666,0.85,0.85,0.9,0.9565217391304348
Ampga,87.520524371,2,2,200,122,1099,833,1,0.61,0.7579617834394905,0.19047619047619047,0.38095238095238093,0.3181818181818182,0.43478260869565216,0.5833333333333334,0.5555555555555556,0.8,0.9,0.95,1
Diktyoga,131.487674705,2,2,200,132,1099,848,1,0.66,0.7716105550500455,0.14285714285714285,0.42857142857142855,0.5909090909090909,0.7391304347826086,0.75,0.5555555555555556,0.8,0.7,0.95,0.9565217391304348
Mcssga,150.189343572,2,2,200,115,1099,809,1,0.575,0.7361237488626023,0.09523809523809523,0.19047619047619047,0.36363636363636365,0.4782608695652174,0.4166666666666667,0.6111111111111112,0.9,0.65,1,1
