Algorithm Name,Scheduling Request Count,Usable Solution Count,Total App Count,Total Accepted App Count,Total App Priority,Total Accepted App Priority,Solution Usable Rate,App Acceptance Rate,App Priority Weighted Acceptance Rate,Priority-1 App Acceptance Rate,Priority-2 App Acceptance Rate,Priority-3 App Acceptance Rate,Priority-4 App Acceptance Rate,Priority-5 App Acceptance Rate,Priority-6 App Acceptance Rate,Priority-7 App Acceptance Rate,Priority-8 App Acceptance Rate,Priority-9 App Acceptance Rate,Priority-10 App Acceptance Rate
CompRand,2,0,120,0,664,0,0,0,0,0,0,0,0,0,0,0,0,0,0
BERand,2,2,120,41,664,335,1,0.3416666666666667,0.5045180722891566,0,0.11764705882352941,0,0.06666666666666667,0,0.2727272727272727,0.3333333333333333,0.7058823529411765,0.6153846153846154,1
Amaga,2,2,120,79,664,525,1,0.6583333333333333,0.7906626506024096,0.2,0.35294117647058826,0.2727272727272727,0.6666666666666666,0.8,0.7272727272727273,0.8888888888888888,0.8823529411764706,0.9230769230769231,0.9166666666666666
Ampga,2,2,120,77,664,528,1,0.6416666666666667,0.7951807228915663,0.1,0.29411764705882354,0.2727272727272727,0.6,0.8,0.6363636363636364,1,0.8823529411764706,1,0.9166666666666666
Mcssga,2,2,120,67,664,510,1,0.5583333333333333,0.7680722891566265,0,0,0.09090909090909091,0.4666666666666667,0.6,0.5454545454545454,1,0.9411764705882353,1,1
