Algorithm Name,Scheduling Request Count,Usable Solution Count,Total App Count,Total Accepted App Count,Total App Priority,Total Accepted App Priority,Solution Usable Rate,App Acceptance Rate,App Priority Weighted Acceptance Rate,Priority-1 App Acceptance Rate,Priority-2 App Acceptance Rate,Priority-3 App Acceptance Rate,Priority-4 App Acceptance Rate,Priority-5 App Acceptance Rate,Priority-6 App Acceptance Rate,Priority-7 App Acceptance Rate,Priority-8 App Acceptance Rate,Priority-9 App Acceptance Rate,Priority-10 App Acceptance Rate
CompRand,2,0,120,0,711,0,0,0,0,0,0,0,0,0,0,0,0,0,0
BERand,2,2,120,47,711,357,1,0.39166666666666666,0.5021097046413502,0.2222222222222222,0.16666666666666666,0.09090909090909091,0.08333333333333333,0.16666666666666666,0.14285714285714285,0.631578947368421,0.4166666666666667,0.7142857142857143,1
Ampga,2,2,120,95,711,639,1,0.7916666666666666,0.8987341772151899,0.4444444444444444,0.16666666666666666,0.2727272727272727,0.6666666666666666,0.9166666666666666,0.8571428571428571,1,1,1,1
Mcssga,2,2,120,88,711,626,1,0.7333333333333333,0.8804500703234881,0,0.16666666666666666,0.18181818181818182,0.5,0.75,1,1,1,1,1
