Algorithm Name,Maximum Scheduling Time (s),Scheduling Request Count,Usable Solution Count,Total App Count,Total Accepted App Count,Total App Priority,Total Accepted App Priority,Solution Usable Rate,App Acceptance Rate,App Priority Weighted Acceptance Rate,Priority-1 App Acceptance Rate,Priority-2 App Acceptance Rate,Priority-3 App Acceptance Rate,Priority-4 App Acceptance Rate,Priority-5 App Acceptance Rate,Priority-6 App Acceptance Rate,Priority-7 App Acceptance Rate,Priority-8 App Acceptance Rate,Priority-9 App Acceptance Rate,Priority-10 App Acceptance Rate
CompRand,23.444643872,1,0,100,0,561,0,0,0,0,0,0,0,0,0,0,0,0,0,0
BERand,23.561153086,1,1,100,25,561,210,1,0.25,0.37433155080213903,0,0,0.1111111111111111,0,0.2,0,0.25,0.5714285714285714,0.46153846153846156,1
Amaga,176.833217712,1,1,100,75,561,474,1,0.75,0.8449197860962567,0.2857142857142857,0.7,0.4444444444444444,0.5,0.7,1,1,1,0.8461538461538461,1
Ampga,182.348346151,1,1,100,74,561,478,1,0.74,0.8520499108734403,0.14285714285714285,0.4,0.5555555555555556,0.5,1,1,1,0.7142857142857143,0.9230769230769231,1
Diktyoga,211.180581715,1,1,100,76,561,456,1,0.76,0.8128342245989305,0.7142857142857143,0.6,0.6666666666666666,0.42857142857142855,0.9,1,0.8333333333333334,0.7142857142857143,0.9230769230769231,0.8888888888888888
Mcssga,259.404565279,1,1,100,72,561,476,1,0.72,0.8484848484848485,0.14285714285714285,0.4,0.4444444444444444,0.5,0.7,1,1,1,0.9230769230769231,1
