Algorithm Name,Maximum Scheduling Time (s),Scheduling Request Count,Usable Solution Count,Total App Count,Total Accepted App Count,Total App Priority,Total Accepted App Priority,Solution Usable Rate,App Acceptance Rate,App Priority Weighted Acceptance Rate,Priority-1 App Acceptance Rate,Priority-2 App Acceptance Rate,Priority-3 App Acceptance Rate,Priority-4 App Acceptance Rate,Priority-5 App Acceptance Rate,Priority-6 App Acceptance Rate,Priority-7 App Acceptance Rate,Priority-8 App Acceptance Rate,Priority-9 App Acceptance Rate,Priority-10 App Acceptance Rate
CompRand,26.699016675,2,0,280,0,1490,0,0,0,0,0,0,0,0,0,0,0,0,0,0
BERand,24.102351954,2,2,280,47,1490,420,1,0.16785714285714284,0.28187919463087246,0,0,0,0,0.027777777777777776,0,0.13043478260869565,0.3793103448275862,0.5384615384615384,0.8571428571428571
Amaga,388.505800295,2,2,280,167,1490,1072,1,0.5964285714285714,0.7194630872483222,0.4,0.16666666666666666,0.35714285714285715,0.38235294117647056,0.5555555555555556,0.7857142857142857,0.8260869565217391,0.896551724137931,0.8846153846153846,0.9047619047619048
Ampga,265.91385222,2,2,280,149,1490,1046,1,0.5321428571428571,0.702013422818792,0.16,0.06666666666666667,0.17857142857142858,0.3235294117647059,0.4166666666666667,0.7142857142857143,0.8260869565217391,0.9310344827586207,0.9615384615384616,1
Diktyoga,343.262850433,2,2,280,161,1490,1044,1,0.575,0.7006711409395974,0.24,0.2,0.39285714285714285,0.35294117647058826,0.6388888888888888,0.6428571428571429,0.782608695652174,0.896551724137931,0.8461538461538461,0.9047619047619048
Mcssga,302.825158887,2,2,280,154,1490,1073,1,0.55,0.7201342281879195,0.24,0.03333333333333333,0.17857142857142858,0.35294117647058826,0.4444444444444444,0.6428571428571429,0.9130434782608695,1,0.9615384615384616,1
