Algorithm Name,Scheduling Request Count,Usable Solution Count,Total App Count,Total Accepted App Count,Total App Priority,Total Accepted App Priority,Solution Usable Rate,App Acceptance Rate,App Priority Weighted Acceptance Rate,Priority-1 App Acceptance Rate,Priority-2 App Acceptance Rate,Priority-3 App Acceptance Rate,Priority-4 App Acceptance Rate,Priority-5 App Acceptance Rate,Priority-6 App Acceptance Rate,Priority-7 App Acceptance Rate,Priority-8 App Acceptance Rate,Priority-9 App Acceptance Rate,Priority-10 App Acceptance Rate
CompRand,2,0,120,0,722,0,0,0,0,0,0,0,0,0,0,0,0,0,0
BERand,2,2,120,46,722,371,1,0.38333333333333336,0.5138504155124654,0,0.09090909090909091,0.2,0,0.25,0.5,0.38461538461538464,0.4666666666666667,0.6842105263157895,0.8125
Amaga,2,2,120,95,722,641,1,0.7916666666666666,0.8878116343490304,0.2222222222222222,0.5454545454545454,0.7333333333333333,0.7,0.75,1,0.7692307692307693,1,0.9473684210526315,1
Ampga,2,2,120,97,722,648,1,0.8083333333333333,0.8975069252077562,0.2222222222222222,0.6363636363636364,0.7333333333333333,0.8,0.75,1,0.7692307692307693,0.9333333333333333,1,1
Mcssga,2,2,120,95,722,640,1,0.7916666666666666,0.8864265927977839,0.2222222222222222,0.5454545454545454,0.7333333333333333,0.6,0.875,1,0.9230769230769231,0.8666666666666667,0.9473684210526315,1
