Algorithm Name,Scheduling Request Count,Usable Solution Count,Total App Count,Total Accepted App Count,Total App Priority,Total Accepted App Priority,Solution Usable Rate,App Acceptance Rate,App Priority Weighted Acceptance Rate,Priority-1 App Acceptance Rate,Priority-2 App Acceptance Rate,Priority-3 App Acceptance Rate,Priority-4 App Acceptance Rate,Priority-5 App Acceptance Rate,Priority-6 App Acceptance Rate,Priority-7 App Acceptance Rate,Priority-8 App Acceptance Rate,Priority-9 App Acceptance Rate,Priority-10 App Acceptance Rate
CompRand,2,0,200,0,1122,0,0,0,0,0,0,0,0,0,0,0,0,0,0
BERand,2,2,200,36,1122,320,1,0.18,0.28520499108734404,0,0,0.045454545454545456,0,0,0.09523809523809523,0.047619047619047616,0.3333333333333333,0.4,0.75
Amaga,2,2,200,144,1122,922,1,0.72,0.82174688057041,0.26666666666666666,0.44,0.6818181818181818,0.42857142857142855,0.7894736842105263,0.8571428571428571,0.8095238095238095,0.875,0.8666666666666667,1
Ampga,2,2,200,149,1122,959,1,0.745,0.8547237076648841,0.4,0.36,0.6818181818181818,0.5714285714285714,0.6842105263157895,0.9047619047619048,0.7619047619047619,1,1,1
Mcssga,2,2,200,137,1122,892,1,0.685,0.7950089126559715,0.4,0.28,0.5909090909090909,0.42857142857142855,0.6842105263157895,0.9523809523809523,0.6666666666666666,0.8333333333333334,0.9333333333333333,1
